receipt_id,po_id,received_date,received_quantity,condition,warehouse_location,received_by
GR000001,PO000001,2023-01-10,4091.0,Partial,WH-North,Andrew Diaz
GR000002,PO000002,2023-01-30,2009.0,Accepted,WH-North,Valerie Williams
GR000003,PO000003,2023-01-19,1317.0,Accepted,WH-South,Michael Estrada
GR000004,PO000004,2023-01-20,2978.0,Accepted,WH-East,Justin Baxter
GR000005,PO000005,2023-01-27,3277.0,Accepted,WH-North,Nicole Frost
GR000006,PO000006,2023-01-11,3726.0,Partial,WH-North,Christopher Marsh
GR000007,PO000007,2023-01-25,2935.0,Accepted,WH-East,Jason White
GR000008,PO000008,2023-02-02,2567.0,Accepted,WH-South,Rachel Jenkins
GR000009,PO000009,2023-02-05,4388.0,Accepted,WH-North,Nancy Wright
GR000010,PO000010,2023-02-19,1208.0,Accepted,WH-East,Michael Reyes
GR000011,PO000011,2023-02-16,735.0,Accepted,WH-Central,John Gonzalez
GR000012,PO000012,2023-02-22,4093.0,Accepted,WH-East,Hannah Hoover
GR000013,PO000013,2023-02-24,1470.0,Accepted,WH-North,Courtney Keller
GR000014,PO000015,2023-02-28,2875.0,Accepted,WH-South,Donald Jones
GR000015,PO000016,2023-03-07,1757.0,Accepted,WH-South,Heather Hicks
GR000016,PO000017,2023-03-13,233.0,Accepted,WH-North,Sarah Rivera
GR000017,PO000018,2023-03-07,4007.0,Accepted,WH-East,Shawn Green
GR000018,PO000019,2023-03-15,1640.0,Accepted,WH-North,Victoria Johnson
GR000019,PO000020,2023-03-10,1848.0,Accepted,WH-East,Haley Hartman
GR000020,PO000021,2023-03-14,4747.0,Accepted,WH-West,William Wilson
GR000021,PO000022,2023-03-18,1112.0,Accepted,WH-South,Cheryl Williams
GR000022,PO000023,2023-03-14,3573.0,Accepted,WH-East,Joseph Drake
GR000023,PO000024,2023-03-16,375.0,Accepted,WH-Central,Teresa Mclaughlin
GR000024,PO000025,2023-03-24,2191.0,Accepted,WH-West,Jeffrey Rush
GR000025,PO000026,2023-03-23,3091.0,Accepted,WH-East,Lisa Alvarado
GR000026,PO000027,2023-04-17,3846.0,Accepted,WH-East,Steven Hunter
GR000027,PO000028,2023-04-17,1060.0,Accepted,WH-West,Erika Terry
GR000028,PO000029,2023-04-13,1304.0,Partial,WH-Central,Cheryl Ortega
GR000029,PO000030,2023-04-18,4729.0,Accepted,WH-Central,Paul Thompson
GR000030,PO000031,2023-04-05,1681.0,Partial,WH-East,Jennifer Bass
GR000031,PO000032,2023-04-14,1035.0,Accepted,WH-South,Daniel Floyd
GR000032,PO000033,2023-04-18,2561.0,Accepted,WH-East,Erica Ramos
GR000033,PO000034,2023-04-15,2938.0,Accepted,WH-North,Kayla Leon
GR000034,PO000035,2023-05-06,3913.0,Partial,WH-West,Nancy Hopkins
GR000035,PO000036,2023-04-24,3070.0,Accepted,WH-South,Matthew Harvey
GR000036,PO000037,2023-04-24,2889.0,Accepted,WH-Central,Trevor Young
GR000037,PO000038,2023-05-03,3278.0,Partial,WH-North,Robert Hernandez
GR000038,PO000039,2023-05-04,4891.0,Accepted,WH-West,William Carr
GR000039,PO000040,2023-04-26,2119.0,Accepted,WH-South,Joy Mercado
GR000040,PO000041,2023-05-10,4263.0,Accepted,WH-North,Michelle Cruz
GR000041,PO000042,2023-05-04,2601.0,Accepted,WH-North,Charles Watts
GR000042,PO000043,2023-05-04,3479.0,Accepted,WH-Central,Shannon Mcclure
GR000043,PO000044,2023-05-23,1899.0,Accepted,WH-East,Colleen Brock
GR000044,PO000045,2023-05-08,4519.0,Accepted,WH-Central,Julie Grant
GR000045,PO000046,2023-06-06,3380.0,Accepted,WH-East,Barbara Anderson
GR000046,PO000047,2023-05-20,2074.0,Accepted,WH-North,Joseph Hansen
GR000047,PO000048,2023-05-27,571.0,Rejected,WH-North,Pedro Ramos
GR000048,PO000049,2023-05-20,4690.0,Accepted,WH-East,Stephanie Simmons
GR000049,PO000050,2023-05-23,2041.0,Accepted,WH-West,Jill Moore
GR000050,PO000051,2023-06-26,1412.0,Rejected,WH-East,Joanna Walton
GR000051,PO000052,2023-06-03,2394.0,Accepted,WH-North,Destiny Strickland
GR000052,PO000053,2023-06-08,3637.0,Accepted,WH-North,Mr. Jeremiah Reeves
GR000053,PO000054,2023-05-30,3003.0,Partial,WH-North,George Orozco
GR000054,PO000055,2023-06-08,4024.0,Accepted,WH-West,Chris Reyes
GR000055,PO000056,2023-06-11,988.0,Partial,WH-Central,Daniel Perry
GR000056,PO000057,2023-06-09,4203.0,Accepted,WH-North,John Brown
GR000057,PO000058,2023-06-09,128.0,Accepted,WH-North,Jean Carrillo
GR000058,PO000059,2023-06-08,1373.0,Accepted,WH-East,Alicia Gilmore
GR000059,PO000060,2023-06-11,459.0,Accepted,WH-West,Karen Bender
GR000060,PO000061,2023-06-25,128.0,Accepted,WH-South,James Snow
GR000061,PO000062,2023-06-25,316.0,Accepted,WH-East,Kimberly Navarro
GR000062,PO000063,2023-06-25,3320.0,Accepted,WH-West,Stephanie Freeman
GR000063,PO000064,2023-06-16,556.0,Accepted,WH-Central,John Price
GR000064,PO000065,2023-06-18,3442.0,Accepted,WH-West,Rebecca Ramsey
GR000065,PO000066,2023-07-01,721.0,Accepted,WH-West,Tamara Hooper
GR000066,PO000067,2023-07-01,4840.0,Accepted,WH-East,Susan Vargas
GR000067,PO000068,2023-07-02,4104.0,Accepted,WH-South,Angela Patterson
GR000068,PO000069,2023-07-13,3964.0,Accepted,WH-South,Catherine Green
GR000069,PO000070,2023-07-20,1331.0,Accepted,WH-West,Jesse Rogers
GR000070,PO000071,2023-07-11,1477.0,Partial,WH-West,Diana Bean
GR000071,PO000072,2023-07-13,4653.0,Accepted,WH-South,Ruben Ruiz
GR000072,PO000073,2023-07-28,3538.0,Accepted,WH-Central,Amy Crane
GR000073,PO000074,2023-07-18,3076.0,Accepted,WH-East,Barry Bernard
GR000074,PO000075,2023-08-05,2120.0,Accepted,WH-Central,Andre Wright
GR000075,PO000076,2023-08-05,726.0,Accepted,WH-East,Lisa Allen
GR000076,PO000077,2023-08-16,883.0,Accepted,WH-Central,Brian Gould
GR000077,PO000078,2023-07-31,2276.0,Accepted,WH-South,David Wood
GR000078,PO000079,2023-08-02,2872.0,Accepted,WH-East,Tracey Higgins
GR000079,PO000080,2023-08-01,3571.0,Accepted,WH-North,Carla Collins
GR000080,PO000081,2023-08-16,1670.0,Accepted,WH-North,Tanya Johnston
GR000081,PO000083,2023-08-08,4979.0,Rejected,WH-Central,Jaime David
GR000082,PO000084,2023-09-01,3533.0,Accepted,WH-West,Kevin Rivas
GR000083,PO000085,2023-08-09,1869.0,Accepted,WH-West,Michael Turner
GR000084,PO000086,2023-08-10,4307.0,Accepted,WH-East,Renee Hogan
GR000085,PO000087,2023-08-16,3641.0,Partial,WH-West,Amanda Patel
GR000086,PO000088,2023-08-19,703.0,Accepted,WH-South,Andrea Holland
GR000087,PO000089,2023-09-01,3161.0,Accepted,WH-West,Jason Henry
GR000088,PO000090,2023-08-24,3190.0,Accepted,WH-North,Jack Snow
GR000089,PO000092,2023-08-21,1396.0,Accepted,WH-South,Christian Thompson
GR000090,PO000093,2023-08-23,63.0,Accepted,WH-Central,Marie Gilbert
GR000091,PO000094,2023-08-17,641.0,Accepted,WH-North,Patricia Marshall
GR000092,PO000095,2023-08-21,3711.0,Accepted,WH-West,Leslie Morris
GR000093,PO000096,2023-08-25,3807.0,Accepted,WH-East,Timothy Ramirez
GR000094,PO000097,2023-08-24,2319.0,Accepted,WH-South,Paul Hudson
GR000095,PO000098,2023-08-27,1624.0,Accepted,WH-Central,Gabrielle Snyder
GR000096,PO000099,2023-09-02,1127.0,Partial,WH-Central,John Kelly
GR000097,PO000100,2023-08-29,204.0,Accepted,WH-South,Douglas Carlson
GR000098,PO000101,2023-08-30,4591.0,Accepted,WH-South,Kristi Black
GR000099,PO000102,2023-09-27,1945.0,Accepted,WH-South,David Russell
GR000100,PO000103,2023-09-20,2125.0,Accepted,WH-West,Cynthia Alvarez
GR000101,PO000104,2023-09-22,3006.0,Accepted,WH-East,Joan Smith
GR000102,PO000105,2023-09-16,2900.0,Accepted,WH-North,Jared Sanchez
GR000103,PO000106,2023-09-16,2734.0,Accepted,WH-Central,Jackie Tran
GR000104,PO000107,2023-10-03,781.0,Accepted,WH-West,Zachary Pierce
GR000105,PO000108,2023-09-16,3263.0,Accepted,WH-Central,Jesse Parker
GR000106,PO000109,2023-09-23,210.0,Accepted,WH-South,Nathan Stewart
GR000107,PO000110,2023-09-21,2261.0,Accepted,WH-South,Tiffany Vaughn
GR000108,PO000111,2023-09-28,3954.0,Accepted,WH-East,Parker Hill
GR000109,PO000112,2023-09-29,1723.0,Accepted,WH-Central,Paige Carlson
GR000110,PO000113,2023-09-29,1522.0,Accepted,WH-East,Dr. Elizabeth Ward
GR000111,PO000114,2023-10-09,1576.0,Accepted,WH-East,Michael Martinez
GR000112,PO000115,2023-10-09,798.0,Accepted,WH-Central,Anthony Carter
GR000113,PO000116,2023-10-19,2407.0,Accepted,WH-Central,Margaret Mullins
GR000114,PO000117,2023-10-19,2032.0,Partial,WH-South,Adam Mitchell
GR000115,PO000118,2023-10-28,2959.0,Accepted,WH-West,Glen Sheppard
GR000116,PO000119,2023-11-15,2882.0,Accepted,WH-West,Scott Wilson
GR000117,PO000120,2023-10-31,1589.0,Accepted,WH-South,John Ray
GR000118,PO000121,2023-11-06,4343.0,Accepted,WH-North,Brittany Shepherd
GR000119,PO000122,2023-11-10,1406.0,Accepted,WH-Central,Angela Wright
GR000120,PO000123,2023-11-13,1964.0,Accepted,WH-Central,Jennifer Carlson
GR000121,PO000124,2023-11-07,1158.0,Accepted,WH-East,Patricia James
GR000122,PO000125,2023-11-17,4997.0,Accepted,WH-West,Elizabeth Chapman
GR000123,PO000126,2023-11-17,2611.0,Accepted,WH-East,Keith Brown
GR000124,PO000127,2023-11-13,1749.0,Accepted,WH-West,Annette Farmer
GR000125,PO000128,2023-11-13,3289.0,Accepted,WH-East,Deborah Miller
GR000126,PO000129,2023-11-27,2527.0,Accepted,WH-West,Juan Moore
GR000127,PO000130,2023-11-19,1601.0,Accepted,WH-South,Michael Harrison
GR000128,PO000131,2023-12-07,3667.0,Accepted,WH-Central,Dwayne Campbell
GR000129,PO000132,2023-11-27,1526.0,Accepted,WH-East,Andrea Hall
GR000130,PO000133,2023-11-25,1095.0,Accepted,WH-West,Rick Lawrence
GR000131,PO000134,2023-12-18,1932.0,Rejected,WH-East,Christina Wilson
GR000132,PO000135,2023-12-02,3935.0,Accepted,WH-North,Chase Baker
GR000133,PO000136,2023-11-24,64.0,Accepted,WH-East,Anthony Sparks
GR000134,PO000137,2023-12-08,544.0,Accepted,WH-Central,Samantha Morse
GR000135,PO000138,2023-12-10,1894.0,Accepted,WH-East,John Torres
GR000136,PO000139,2024-01-05,4561.0,Accepted,WH-West,Dillon Fernandez
GR000137,PO000140,2024-01-02,3849.0,Accepted,WH-South,Kyle Preston
GR000138,PO000141,2024-01-03,2553.0,Accepted,WH-South,Lindsey Johnson
GR000139,PO000142,2024-01-14,2268.0,Accepted,WH-West,Michael Valencia
GR000140,PO000143,2024-01-18,4754.0,Accepted,WH-Central,Alicia Hubbard
GR000141,PO000144,2024-01-04,2761.0,Accepted,WH-East,Laura Hines
GR000142,PO000145,2024-01-04,583.0,Accepted,WH-South,Joseph Ramos
GR000143,PO000146,2024-01-19,3916.0,Accepted,WH-South,Zachary Graham
GR000144,PO000147,2024-02-01,4854.0,Accepted,WH-Central,Tracy Harrison
GR000145,PO000148,2024-01-25,2544.0,Accepted,WH-South,Frank Garcia
GR000146,PO000149,2024-01-29,1040.0,Accepted,WH-West,Jason Simpson
GR000147,PO000150,2024-01-25,1226.0,Accepted,WH-East,Jennifer Hodges
GR000148,PO000151,2024-02-01,4562.0,Accepted,WH-East,Brandon King
GR000149,PO000152,2024-02-07,1432.0,Accepted,WH-West,Raymond Hancock
GR000150,PO000153,2024-02-20,2773.0,Accepted,WH-Central,April Booth
GR000151,PO000154,2024-02-14,1131.0,Accepted,WH-North,Anthony Stone
GR000152,PO000155,2024-03-08,2724.0,Accepted,WH-East,Kathleen Ramos
GR000153,PO000156,2024-02-19,1093.0,Accepted,WH-Central,Derek Anderson
GR000154,PO000157,2024-02-22,2813.0,Accepted,WH-West,Stanley Washington
GR000155,PO000158,2024-02-22,1821.0,Accepted,WH-West,Mark Lloyd
GR000156,PO000159,2024-03-09,1525.0,Rejected,WH-North,Emily Smith
GR000157,PO000160,2024-03-15,3754.0,Accepted,WH-North,Danny Skinner
GR000158,PO000161,2024-03-22,2333.0,Accepted,WH-East,Travis Holland
GR000159,PO000162,2024-03-22,3101.0,Accepted,WH-North,Timothy Carter
GR000160,PO000163,2024-03-15,2341.0,Accepted,WH-Central,Jennifer Olson
GR000161,PO000164,2024-03-23,1103.0,Accepted,WH-South,Jesus Thomas
GR000162,PO000165,2024-03-24,4248.0,Accepted,WH-West,Kyle Francis
GR000163,PO000166,2024-03-27,262.0,Accepted,WH-South,Benjamin Barton
GR000164,PO000167,2024-04-10,3284.0,Accepted,WH-North,Gina French
GR000165,PO000168,2024-04-20,1097.0,Accepted,WH-South,Aaron Barber
GR000166,PO000169,2024-04-06,608.0,Partial,WH-North,Lauren Keller
GR000167,PO000170,2024-04-11,894.0,Accepted,WH-North,Jill Washington
GR000168,PO000171,2024-04-19,1052.0,Accepted,WH-West,Phillip Bennett
GR000169,PO000172,2024-04-24,2634.0,Accepted,WH-East,Sheila Pollard
GR000170,PO000173,2024-04-27,4390.0,Accepted,WH-South,James Chase
GR000171,PO000174,2024-05-08,1343.0,Accepted,WH-Central,Evan Kennedy
GR000172,PO000175,2024-05-08,3692.0,Accepted,WH-North,Jane Mcneil
GR000173,PO000176,2024-04-27,4032.0,Accepted,WH-Central,Marissa Hernandez
GR000174,PO000177,2024-04-29,3219.0,Accepted,WH-East,Beth Sanford
GR000175,PO000178,2024-05-03,1798.0,Accepted,WH-West,Brian Kirk
GR000176,PO000179,2024-05-01,2065.0,Accepted,WH-West,Thomas Smith
GR000177,PO000180,2024-05-02,4488.0,Accepted,WH-West,Seth Booker
GR000178,PO000181,2024-05-08,3385.0,Accepted,WH-East,Richard Baker
GR000179,PO000182,2024-05-24,891.0,Partial,WH-Central,Jennifer Miller
GR000180,PO000183,2024-05-18,4350.0,Accepted,WH-East,Michael Ferguson
GR000181,PO000184,2024-05-15,2327.0,Accepted,WH-West,Lori Clay
GR000182,PO000185,2024-05-29,1092.0,Accepted,WH-East,Joshua Williamson II
GR000183,PO000186,2024-05-22,2391.0,Accepted,WH-South,Donna Perez
GR000184,PO000187,2024-05-17,4078.0,Accepted,WH-West,William Hodges
GR000185,PO000188,2024-05-17,1808.0,Accepted,WH-South,Ashlee Jackson
GR000186,PO000189,2024-05-20,1751.0,Accepted,WH-East,Allen Nguyen
GR000187,PO000190,2024-05-14,1092.0,Accepted,WH-South,Ian Jordan
GR000188,PO000191,2024-05-23,2244.0,Accepted,WH-East,Jason Maldonado
GR000189,PO000192,2024-05-18,3174.0,Accepted,WH-West,Christopher Lynch
GR000190,PO000193,2024-05-30,4086.0,Accepted,WH-South,Michael Jimenez
GR000191,PO000194,2024-06-14,2214.0,Accepted,WH-South,Crystal Little
GR000192,PO000195,2024-06-01,953.0,Accepted,WH-Central,Michael Nolan
GR000193,PO000196,2024-05-27,1202.0,Accepted,WH-West,Dwayne Payne
GR000194,PO000197,2024-06-06,4080.0,Partial,WH-South,Tony Huerta
GR000195,PO000198,2024-06-16,3423.0,Accepted,WH-West,Victor Vaughn
GR000196,PO000199,2024-05-31,1656.0,Accepted,WH-South,Eric Kidd
GR000197,PO000200,2024-06-14,3241.0,Accepted,WH-West,Ashley James
GR000198,PO000201,2024-06-19,2817.0,Accepted,WH-North,Edward Lyons
GR000199,PO000202,2024-06-19,1926.0,Accepted,WH-North,Ronald Foster
GR000200,PO000203,2024-06-16,2640.0,Accepted,WH-East,Sean Osborne
GR000201,PO000204,2024-06-23,3603.0,Accepted,WH-South,Susan Mcgee
GR000202,PO000205,2024-06-29,4181.0,Accepted,WH-West,Stephanie Parsons
GR000203,PO000206,2024-06-25,3528.0,Accepted,WH-Central,Robert Robinson
GR000204,PO000207,2024-06-26,4139.0,Accepted,WH-West,David Campos
GR000205,PO000208,2024-07-07,83.0,Accepted,WH-South,Melanie Taylor
GR000206,PO000209,2024-07-07,4065.0,Accepted,WH-South,Mark Williams
GR000207,PO000210,2024-07-02,1673.0,Partial,WH-North,Amanda Diaz
GR000208,PO000211,2024-07-05,3504.0,Accepted,WH-North,Theodore Murphy
GR000209,PO000212,2024-07-23,1350.0,Accepted,WH-Central,Curtis Buchanan
GR000210,PO000213,2024-07-20,2147.0,Accepted,WH-Central,Holly Shaw
GR000211,PO000214,2024-07-21,606.0,Accepted,WH-Central,Christopher Sloan
GR000212,PO000215,2024-07-22,3134.0,Accepted,WH-East,Tracy Phillips
GR000213,PO000216,2024-07-23,3319.0,Accepted,WH-South,Regina Mcdonald
GR000214,PO000217,2024-08-02,2825.0,Accepted,WH-West,Paul Perez
GR000215,PO000218,2024-07-20,3148.0,Accepted,WH-South,Megan Sanders
GR000216,PO000219,2024-08-05,2886.0,Accepted,WH-Central,Kristin Davis
GR000217,PO000220,2024-07-26,3045.0,Partial,WH-East,Dennis Martinez
GR000218,PO000221,2024-08-07,579.0,Accepted,WH-East,Paul Baker
GR000219,PO000222,2024-07-22,961.0,Accepted,WH-East,Mark Watson
GR000220,PO000223,2024-07-22,4341.0,Accepted,WH-Central,Kaitlyn Harvey
GR000221,PO000224,2024-08-13,2008.0,Accepted,WH-West,Erin Bishop
GR000222,PO000225,2024-08-11,498.0,Accepted,WH-North,Madison Marshall
GR000223,PO000226,2024-08-10,1654.0,Accepted,WH-East,Marie Wilson
GR000224,PO000227,2024-08-08,3941.0,Partial,WH-South,Andrew Ferrell
GR000225,PO000228,2024-08-04,3839.0,Accepted,WH-South,David Medina
GR000226,PO000229,2024-08-02,292.0,Accepted,WH-East,Jacob Avery
GR000227,PO000230,2024-07-27,4833.0,Accepted,WH-North,Kimberly Matthews
GR000228,PO000231,2024-08-14,2647.0,Accepted,WH-Central,Stacey Pena
GR000229,PO000232,2024-08-07,2623.0,Accepted,WH-North,Lisa Crosby
GR000230,PO000233,2024-08-27,1283.0,Partial,WH-North,Michael Robinson
GR000231,PO000234,2024-08-15,1010.0,Accepted,WH-South,David Cox
GR000232,PO000235,2024-08-04,2253.0,Partial,WH-Central,Mrs. Stephanie Newman
GR000233,PO000236,2024-08-20,628.0,Accepted,WH-West,Donald Donaldson
GR000234,PO000237,2024-08-17,4571.0,Accepted,WH-South,Samantha Davis
GR000235,PO000238,2024-09-02,1960.0,Partial,WH-Central,Mark Maddox
GR000236,PO000239,2024-08-28,1638.0,Rejected,WH-West,Gavin Zhang
GR000237,PO000240,2024-08-12,898.0,Accepted,WH-South,Christine Gallegos
GR000238,PO000241,2024-08-26,1597.0,Accepted,WH-South,Laurie Li
GR000239,PO000242,2024-09-09,4740.0,Accepted,WH-Central,Raymond Kramer
GR000240,PO000243,2024-09-05,3042.0,Accepted,WH-South,Destiny Riggs
GR000241,PO000244,2024-09-20,1737.0,Accepted,WH-South,Ms. Rebecca Rodriguez
GR000242,PO000245,2024-09-05,922.0,Accepted,WH-South,Bonnie Howard
GR000243,PO000246,2024-09-06,3321.0,Accepted,WH-Central,Leah Smith
GR000244,PO000247,2024-09-10,4270.0,Accepted,WH-North,Cameron Fisher
GR000245,PO000248,2024-09-29,2204.0,Accepted,WH-North,Arthur West
GR000246,PO000249,2024-09-20,4876.0,Accepted,WH-South,Kevin Hayes
GR000247,PO000250,2024-09-18,2911.0,Accepted,WH-Central,Luis Acosta
GR000248,PO000252,2024-09-30,4535.0,Accepted,WH-East,Mary Turner
GR000249,PO000253,2024-09-15,185.0,Accepted,WH-North,Amanda Lutz
GR000250,PO000254,2024-09-21,1343.0,Accepted,WH-Central,Jessica Rodriguez
GR000251,PO000255,2024-10-07,3685.0,Accepted,WH-South,Jill Lam
GR000252,PO000256,2024-09-27,4640.0,Accepted,WH-East,Charles Martinez
GR000253,PO000257,2024-10-05,3685.0,Accepted,WH-South,Lauren Joseph
GR000254,PO000258,2024-09-19,1297.0,Accepted,WH-Central,Kyle Phillips
GR000255,PO000259,2024-09-23,3493.0,Accepted,WH-West,Jessica Mcguire
GR000256,PO000260,2024-10-05,931.0,Accepted,WH-East,Matthew Rich
GR000257,PO000261,2024-10-06,143.0,Accepted,WH-Central,Sharon Jordan
GR000258,PO000262,2024-10-09,2724.0,Accepted,WH-South,Jennifer Wilcox
GR000259,PO000263,2024-11-02,448.0,Accepted,WH-South,Nicholas Edwards
GR000260,PO000264,2024-10-11,743.0,Accepted,WH-West,David Mckay
GR000261,PO000265,2024-10-16,1098.0,Accepted,WH-North,Kara Davis
GR000262,PO000266,2024-10-07,121.0,Accepted,WH-East,Jeffrey Garner
GR000263,PO000267,2024-10-09,4880.0,Accepted,WH-North,Carlos Brown
GR000264,PO000268,2024-10-17,4632.0,Accepted,WH-West,Kristina Santiago
GR000265,PO000269,2024-11-07,3477.0,Rejected,WH-South,Shane Pugh
GR000266,PO000270,2024-11-03,1000.0,Accepted,WH-Central,Thomas Williams
GR000267,PO000271,2024-11-05,841.0,Accepted,WH-Central,Erik Garcia
GR000268,PO000272,2024-11-03,3621.0,Accepted,WH-Central,Brittney Olson
GR000269,PO000273,2024-11-02,319.0,Accepted,WH-East,Hayley Hawkins
GR000270,PO000274,2024-11-18,2320.0,Accepted,WH-North,Donald Perez
GR000271,PO000275,2024-11-10,4193.0,Accepted,WH-West,Justin Saunders
GR000272,PO000276,2024-12-06,2002.0,Accepted,WH-North,Megan Hawkins
GR000273,PO000277,2024-11-27,4297.0,Accepted,WH-East,Mary Steele
GR000274,PO000278,2024-12-29,3505.0,Accepted,WH-Central,Donald Farmer
GR000275,PO000279,2024-12-13,3539.0,Accepted,WH-West,Heather White
GR000276,PO000280,2024-12-19,1895.0,Accepted,WH-South,Matthew Jones
GR000277,PO000281,2024-12-14,1359.0,Partial,WH-East,Valerie Davis
GR000278,PO000282,2024-12-20,362.0,Accepted,WH-Central,Jamie Chavez
GR000279,PO000283,2024-12-25,1173.0,Accepted,WH-North,Eric Nguyen
GR000280,PO000284,2025-01-01,629.0,Accepted,WH-East,Linda Ware
GR000281,PO000285,2024-12-26,2053.0,Accepted,WH-Central,Paul Williams
GR000282,PO000286,2024-12-31,3656.0,Accepted,WH-East,Jeremy Coleman
GR000283,PO000287,2025-01-02,3917.0,Accepted,WH-West,Jennifer Lewis
GR000284,PO000288,2025-01-03,3594.0,Accepted,WH-West,Haley Rodriguez
GR000285,PO000289,2025-01-02,741.0,Accepted,WH-Central,Leslie Rose
GR000286,PO000290,2024-12-26,1036.0,Accepted,WH-North,Daniel Joyce
GR000287,PO000291,2025-01-15,2115.0,Accepted,WH-East,Dan Dougherty
GR000288,PO000292,2025-01-10,3678.0,Accepted,WH-East,Pamela Roberts
GR000289,PO000293,2025-01-19,3213.0,Accepted,WH-West,Jonathan Jordan
GR000290,PO000294,2025-01-27,1791.0,Accepted,WH-South,Joseph Hall
GR000291,PO000295,2025-02-03,4584.0,Accepted,WH-South,Mary Gomez
GR000292,PO000296,2025-01-22,1572.0,Accepted,WH-Central,Patrick Graham
GR000293,PO000297,2025-02-02,264.0,Accepted,WH-South,Blake Edwards
GR000294,PO000298,2025-02-01,4283.0,Accepted,WH-East,Jared Bowman
GR000295,PO000299,2025-02-08,4269.0,Partial,WH-East,Jared Burch
GR000296,PO000300,2025-02-12,2191.0,Partial,WH-North,Travis Stevens
GR000297,PO000301,2025-02-13,4479.0,Accepted,WH-East,Heidi Kim
GR000298,PO000302,2025-02-01,370.0,Accepted,WH-West,Jeffrey Morales
GR000299,PO000303,2025-02-21,780.0,Accepted,WH-East,Seth Reese
GR000300,PO000304,2025-02-14,3322.0,Accepted,WH-East,Richard Jones
GR000301,PO000305,2025-02-10,2241.0,Accepted,WH-East,Kerry Lee
GR000302,PO000306,2025-02-21,4279.0,Accepted,WH-Central,Heather Mullen
GR000303,PO000307,2025-02-26,1934.0,Accepted,WH-East,Brittany Garcia
GR000304,PO000308,2025-03-08,2862.0,Accepted,WH-North,Christopher Hernandez
GR000305,PO000309,2025-03-02,1533.0,Accepted,WH-East,Angela Bean
GR000306,PO000310,2025-02-22,2980.0,Accepted,WH-Central,Julie Elliott
GR000307,PO000311,2025-03-02,3158.0,Accepted,WH-South,Melanie Macias
GR000308,PO000312,2025-03-08,2081.0,Accepted,WH-South,Victoria Morris
GR000309,PO000313,2025-03-13,2821.0,Accepted,WH-North,Emily Gonzales
GR000310,PO000314,2025-02-24,4343.0,Accepted,WH-South,Mark Hogan
GR000311,PO000315,2025-03-12,1228.0,Accepted,WH-Central,Heather Jones
GR000312,PO000317,2025-03-25,222.0,Accepted,WH-North,Andrew Wood
GR000313,PO000318,2025-04-09,4641.0,Accepted,WH-North,Matthew Madden
GR000314,PO000319,2025-04-09,4636.0,Accepted,WH-Central,Kirk Cruz
GR000315,PO000320,2025-04-07,3966.0,Accepted,WH-South,Tiffany Stevenson
GR000316,PO000321,2025-03-30,4008.0,Accepted,WH-East,Terry Armstrong
GR000317,PO000322,2025-04-12,3109.0,Accepted,WH-North,Larry Mason
GR000318,PO000323,2025-04-06,1941.0,Accepted,WH-West,Joanna Shepherd
GR000319,PO000324,2025-04-16,1880.0,Accepted,WH-Central,Vickie Miller
GR000320,PO000325,2025-04-22,4659.0,Accepted,WH-West,Amanda Zimmerman
GR000321,PO000326,2025-04-18,1338.0,Accepted,WH-West,Kelly Bishop MD
GR000322,PO000327,2025-04-20,4635.0,Accepted,WH-South,Jasmine Schroeder
GR000323,PO000328,2025-05-01,786.0,Accepted,WH-West,Amy Mccoy
GR000324,PO000329,2025-05-04,513.0,Accepted,WH-Central,Gary Grant
GR000325,PO000330,2025-04-22,3401.0,Accepted,WH-East,David York
GR000326,PO000331,2025-05-01,1681.0,Accepted,WH-Central,Lindsey Hernandez
GR000327,PO000332,2025-05-05,1313.0,Accepted,WH-South,Matthew Rangel
GR000328,PO000333,2025-05-03,700.0,Accepted,WH-North,Matthew Bates
GR000329,PO000334,2025-05-23,4868.0,Accepted,WH-Central,Michael Miller
GR000330,PO000335,2025-05-11,4216.0,Accepted,WH-North,Maria Murphy
GR000331,PO000336,2025-05-28,812.0,Partial,WH-South,Michael Valentine
GR000332,PO000337,2025-05-22,1334.0,Accepted,WH-Central,Susan Davis DDS
GR000333,PO000338,2025-05-22,484.0,Accepted,WH-East,Alicia Parker
GR000334,PO000339,2025-05-19,783.0,Accepted,WH-South,Gloria Miranda
GR000335,PO000340,2025-05-26,89.0,Accepted,WH-East,Zachary Moore
GR000336,PO000341,2025-05-19,2665.0,Accepted,WH-North,Richard Romero
GR000337,PO000342,2025-05-22,1138.0,Accepted,WH-West,Nancy Rose
GR000338,PO000343,2025-05-16,3352.0,Accepted,WH-West,Sherri Williamson
GR000339,PO000344,2025-05-31,208.0,Accepted,WH-South,Brittany White
GR000340,PO000345,2025-05-21,4637.0,Accepted,WH-Central,Lori Orr
GR000341,PO000346,2025-05-28,3555.0,Accepted,WH-North,Amanda Diaz
GR000342,PO000347,2025-06-05,1684.0,Partial,WH-West,Tracy Bishop
GR000343,PO000348,2025-06-08,771.0,Accepted,WH-Central,Rachel Young
GR000344,PO000349,2025-06-23,2126.0,Accepted,WH-West,Vincent Mueller
GR000345,PO000350,2025-06-03,4444.0,Accepted,WH-Central,Cheyenne Gregory
GR000346,PO000351,2025-06-09,4457.0,Accepted,WH-West,Jessica Hammond
GR000347,PO000352,2025-06-14,2293.0,Accepted,WH-South,Kathryn Barnes
GR000348,PO000353,2025-06-17,2469.0,Partial,WH-South,Curtis Jacobs
GR000349,PO000354,2025-06-22,2044.0,Accepted,WH-Central,Amy Castillo
GR000350,PO000355,2025-06-20,2304.0,Accepted,WH-South,Timothy Dawson
GR000351,PO000356,2025-06-25,2455.0,Accepted,WH-West,Belinda Miller
GR000352,PO000357,2025-08-01,2554.0,Partial,WH-Central,Jerry Palmer
GR000353,PO000358,2025-07-15,4506.0,Accepted,WH-East,Anna Lozano
GR000354,PO000359,2025-07-01,3765.0,Accepted,WH-Central,Stacey Arias
GR000355,PO000360,2025-07-08,1621.0,Partial,WH-Central,James Brooks
GR000356,PO000361,2025-06-25,342.0,Accepted,WH-West,Brad Walker
GR000357,PO000362,2025-07-19,1624.0,Partial,WH-Central,Brett Espinoza
GR000358,PO000363,2025-07-08,4239.0,Accepted,WH-South,Charles Johnson
GR000359,PO000364,2025-07-14,4671.0,Accepted,WH-North,Kaitlyn Guerra
GR000360,PO000365,2025-07-04,3639.0,Accepted,WH-North,Julie Gilbert
GR000361,PO000366,2025-07-06,129.0,Accepted,WH-East,Alicia Lewis
GR000362,PO000367,2025-07-12,3378.0,Accepted,WH-East,Todd Lynch
GR000363,PO000368,2025-07-14,998.0,Accepted,WH-East,Ricardo Young
GR000364,PO000369,2025-07-18,894.0,Accepted,WH-South,David Fowler
GR000365,PO000370,2025-07-23,3419.0,Accepted,WH-Central,Amy Copeland
GR000366,PO000371,2025-07-27,282.0,Accepted,WH-Central,Mr. Mark Andrews DDS
GR000367,PO000372,2025-08-07,155.0,Partial,WH-North,Aaron Gomez
GR000368,PO000373,2025-07-26,3145.0,Accepted,WH-Central,Chelsea Barnett
GR000369,PO000374,2025-08-09,1510.0,Accepted,WH-North,Heather Ashley
GR000370,PO000375,2025-08-12,1675.0,Accepted,WH-South,Rachel Romero
GR000371,PO000376,2025-07-31,349.0,Accepted,WH-South,Shane Williams
GR000372,PO000377,2025-08-01,2560.0,Accepted,WH-South,James Burgess
GR000373,PO000378,2025-07-27,2123.0,Accepted,WH-West,Austin Allen
GR000374,PO000379,2025-08-02,836.0,Partial,WH-South,Ashley Perkins
GR000375,PO000380,2025-07-30,1268.0,Accepted,WH-Central,Brandi Bell
GR000376,PO000381,2025-08-16,4414.0,Accepted,WH-North,Marvin Greer
GR000377,PO000382,2025-08-05,1672.0,Accepted,WH-West,Veronica Mendoza
GR000378,PO000383,2025-08-24,2348.0,Accepted,WH-East,Chad Baldwin
GR000379,PO000384,2025-08-14,2878.0,Accepted,WH-South,Amanda Harris
GR000380,PO000385,2025-09-03,4032.0,Accepted,WH-West,Stacey Stewart
GR000381,PO000386,2025-08-29,1702.0,Accepted,WH-East,James Ochoa
GR000382,PO000387,2025-08-22,3801.0,Accepted,WH-South,Andrew Lucas
GR000383,PO000388,2025-08-20,1087.0,Accepted,WH-East,Scott Williams
GR000384,PO000389,2025-08-19,165.0,Accepted,WH-South,Denise Lloyd
GR000385,PO000390,2025-08-14,3213.0,Accepted,WH-West,James Gonzales
GR000386,PO000391,2025-09-13,1875.0,Accepted,WH-East,Gina Lopez
GR000387,PO000392,2025-08-25,4099.0,Accepted,WH-West,Holly Salinas
GR000388,PO000393,2025-09-17,4556.0,Accepted,WH-Central,Bradley Coleman
GR000389,PO000394,2025-09-10,3680.0,Accepted,WH-East,Zachary White
GR000390,PO000395,2025-09-23,561.0,Partial,WH-Central,Brian Murphy
GR000391,PO000396,2025-08-22,4286.0,Accepted,WH-East,Jeremy Robbins
GR000392,PO000397,2025-09-02,4216.0,Accepted,WH-West,Jeremy West
GR000393,PO000398,2025-09-11,4191.0,Accepted,WH-East,Susan Mendez
GR000394,PO000399,2025-09-17,188.0,Accepted,WH-North,Mark Moody
GR000395,PO000400,2025-09-06,4675.0,Accepted,WH-Central,Michael Sullivan
GR000396,PO000401,2025-09-21,4433.0,Accepted,WH-North,Nicole Moore
GR000397,PO000402,2025-09-19,3195.0,Accepted,WH-East,Samuel Gregory
GR000398,PO000403,2025-09-12,3703.0,Accepted,WH-North,Cameron Young
GR000399,PO000404,2025-10-03,3258.0,Accepted,WH-East,Heidi Herring
GR000400,PO000405,2025-09-24,396.0,Accepted,WH-Central,Christian Cole
GR000401,PO000406,2025-10-02,2142.0,Partial,WH-South,Jeremy Jones
GR000402,PO000407,2025-09-27,148.0,Accepted,WH-South,Jacob Edwards
GR000403,PO000408,2025-09-26,3589.0,Accepted,WH-East,Tyler Johnson
GR000404,PO000409,2025-09-24,4963.0,Accepted,WH-South,Joseph Mcintyre
GR000405,PO000410,2025-10-04,3703.0,Partial,WH-Central,Reginald Padilla
GR000406,PO000411,2025-10-14,4872.0,Accepted,WH-West,Logan Benson
GR000407,PO000412,2025-09-24,3651.0,Partial,WH-North,Mrs. Brandy Jones MD
GR000408,PO000413,2025-10-04,973.0,Accepted,WH-West,Yolanda Cochran
GR000409,PO000414,2025-10-04,445.0,Accepted,WH-East,Victoria Contreras
GR000410,PO000415,2025-10-14,1910.0,Accepted,WH-Central,Krista Roberts
GR000411,PO000416,2025-09-28,4878.0,Accepted,WH-West,Christopher Mckinney
GR000412,PO000417,2025-10-22,3447.0,Accepted,WH-Central,Carrie Ward
GR000413,PO000418,2025-10-05,2031.0,Accepted,WH-Central,William Conner
GR000414,PO000419,2025-10-12,3994.0,Accepted,WH-Central,Johnny Ward
GR000415,PO000420,2025-10-20,4967.0,Accepted,WH-West,Julie Bird
GR000416,PO000421,2025-10-18,3921.0,Partial,WH-South,Stephen Jones
GR000417,PO000422,2025-10-13,3736.0,Accepted,WH-Central,Mitchell Mendoza
GR000418,PO000423,2025-11-04,2974.0,Accepted,WH-North,Jason Andrews
GR000419,PO000424,2025-10-25,1579.0,Accepted,WH-East,Evan Jones
GR000420,PO000425,2025-10-30,3517.0,Accepted,WH-Central,Joseph Anderson
GR000421,PO000426,2025-11-21,2663.0,Accepted,WH-West,Kristen Matthews
GR000422,PO000427,2025-11-09,1088.0,Accepted,WH-Central,Betty Shaw
GR000423,PO000428,2025-11-14,4902.0,Accepted,WH-Central,Sandra Holmes
GR000424,PO000429,2025-11-10,4331.0,Accepted,WH-South,Christopher Donovan
GR000425,PO000430,2025-11-26,1527.0,Accepted,WH-North,Travis Stone
GR000426,PO000431,2025-11-14,4830.0,Accepted,WH-North,Blake Gonzalez
GR000427,PO000432,2025-11-22,1528.0,Accepted,WH-West,Denise Weber
GR000428,PO000433,2025-11-21,3455.0,Accepted,WH-West,Anna Davidson
GR000429,PO000434,2025-11-17,3266.0,Accepted,WH-Central,Lauren Jackson
GR000430,PO000435,2025-12-08,1250.0,Partial,WH-East,Stephanie Morgan
GR000431,PO000436,2025-12-02,483.0,Partial,WH-Central,Amanda Shields
GR000432,PO000437,2025-12-08,853.0,Partial,WH-Central,Travis Wise
GR000433,PO000438,2025-12-19,3552.0,Accepted,WH-East,Daniel Armstrong
GR000434,PO000439,2025-12-26,3628.0,Partial,WH-Central,Amanda Small
GR000435,PO000440,2025-12-18,2424.0,Accepted,WH-North,Maria Turner
GR000436,PO000441,2025-12-28,4825.0,Accepted,WH-North,Robert Sullivan
GR000437,PO000442,2025-12-31,4261.0,Accepted,WH-South,Michael Moore
GR000438,PO000443,2026-01-03,79.0,Accepted,WH-South,John Peterson
GR000439,PO000444,2026-01-03,84.0,Accepted,WH-North,Scott Flores
GR000440,PO000445,2026-01-04,598.0,Accepted,WH-Central,Haley Ross PhD
GR000441,PO000446,2026-01-02,2534.0,Accepted,WH-Central,Ashley Allen
GR000442,PO000447,2026-01-21,1008.0,Partial,WH-East,Jerry Thomas
GR000443,PO000448,2026-01-16,3163.0,Accepted,WH-South,Tony Lin
GR000444,PO000449,2026-01-10,2159.0,Accepted,WH-Central,Victor Barrera
GR000445,PO000450,2026-01-06,1437.0,Accepted,WH-Central,Taylor Griffith
GR000446,PO000451,2026-01-08,1090.0,Accepted,WH-East,Christopher Ferrell
GR000447,PO000452,2026-01-18,2691.0,Accepted,WH-South,Shawn Jimenez
GR000448,PO000453,2026-02-09,4660.0,Accepted,WH-South,James Bryant
GR000449,PO000454,2026-01-23,3766.0,Accepted,WH-North,Kevin Williams
GR000450,PO000455,2026-01-20,2783.0,Accepted,WH-North,Kyle Cameron
GR000451,PO000456,2026-01-31,3182.0,Accepted,WH-North,Donna Smith
GR000452,PO000457,2026-01-21,2710.0,Accepted,WH-North,Cesar Baker
